BusinessName,Address,Mobile,Pincode,City,State,Category,Subcategory,LeadStatus,Status
Shop12,nagpur,1231231231,123123,nagpur,maha,education,class,accepted,Digital
Shop13,nagpur,1231231232,123123,nagpur,maha,education,class,accepted,Digital
Shop14,nagpur,1231231233,123123,nagpur,maha,education,class,accepted,Digital
Shop15,nagpur,1231231234,123123,nagpur,maha,education,class,accepted,Digital
Shop16,nagpur,1231231235,123123,nagpur,maha,education,class,accepted,Digital
Shop17,nagpur,1231231236,123123,nagpur,maha,education,class,accepted,Digital
